nom_hotel,titre_commentaire,commentaire,date_publication,pays_utilisateur,type_logement_utilisateur,duree_passÃ©,situation_utilisateur
Bangkok Cozy Home @Khaosan Road,Bien,Ce client n'a pas laissÃ© de commentaire.,28Â juinÂ 2024,Espagne,Chambre Double avec Salle de Bains Privative,2 nuitsÂ Â·,Groupe
Bangkok Cozy Home @Khaosan Road,Exceptionnel,Ce client n'a pas laissÃ© de commentaire.,28Â juinÂ 2024,Royaume-Uni,Chambre Double avec Salle de Bains Privative,2 nuitsÂ Â·,Couple
Bangkok Cozy Home @Khaosan Road,"Super supportive staff, received us even late in night check in, upon request though","Breakfast is simple & decent
The location is prime and super convenient",27Â juinÂ 2024,Inde,Chambre Double avec Salle de Bains Privative,1 nuitÂ Â·,Couple
Bangkok Cozy Home @Khaosan Road,TrÃ¨s bien,Ce client n'a pas laissÃ© de commentaire.,27Â juinÂ 2024,Australie,Chambre Familiale avec Salle de Bains Privative,1 nuitÂ Â·,Groupe
Bangkok Cozy Home @Khaosan Road,It was very good and I would recommend for travellers doing Asia cheaply.,It was convenient and staff were very friendly. Breakfast was very handy as well,26Â juinÂ 2024,Irlande,Chambre Familiale avec Salle de Bains Privative,2 nuitsÂ Â·,Groupe
Bangkok Cozy Home @Khaosan Road,"Will rate 1/10 multiple leakage problem, unfair business practices",WIFI Coverage is good,25Â juinÂ 2024,Inde,Chambre Double avec Salle de Bains Privative,7 nuitsÂ Â·,Voyageur individuel
Bangkok Cozy Home @Khaosan Road,Adecuado para 2 noches,"Lo mejor es la posicion, cerca del palacio real y buda reclinado. A 5 min de la calle de bares y restaurantes. AdemÃ¡s, la cocina comunitaria estÃ¡ muy bien si viajas con niÃ±os, y el aire aconcionado esta genial.El personal muy amable.",25Â juinÂ 2024,Espagne,Chambre Familiale avec Salle de Bains Privative,3 nuitsÂ Â·,Famille
Bangkok Cozy Home @Khaosan Road,"Stayed for a night in a double ensuit room, very comfortable perfect location great staff.","The hotel was very central, easy walk to khoasan road and lots  of restaurants and very close to lots of temples. The rooms are very comfortable and staff were very friendly.",25Â juinÂ 2024,Royaume-Uni,Chambre Double avec Salle de Bains Privative,1 nuitÂ Â·,Groupe
Bangkok Cozy Home @Khaosan Road,Passable,Ce client n'a pas laissÃ© de commentaire.,25Â juinÂ 2024,Royaume-Uni,Chambre Lits Jumeaux avec Salle de Bains Privative,3 nuitsÂ Â·,Groupe
Bangkok Cozy Home @Khaosan Road,Exceptionnel,Ce client n'a pas laissÃ© de commentaire.,24Â juinÂ 2024,France,Chambre Double avec Salle de Bains Privative,1 nuitÂ Â·,Couple
Atlas Bangkok Hotel,TrÃ¨s bien,"Äá»‹a Ä‘iá»ƒm thuáº­n tiá»‡n, gáº§n BTS Nana",28Â juinÂ 2024,Vietnam,Chambre Familiale Standard,3 nuitsÂ Â·,Groupe
Atlas Bangkok Hotel,TrÃ¨s bien,Ce client n'a pas laissÃ© de commentaire.,28Â juinÂ 2024,Royaume-Uni,Chambre Double SupÃ©rieure,3 nuitsÂ Â·,Voyageur individuel
Atlas Bangkok Hotel,Divertente x i bar,La logistica posizione strategica,27Â juinÂ 2024,Italie,Chambre Double Standard,1 nuitÂ Â·,Voyageur individuel
Atlas Bangkok Hotel,Bien,"HabitaciÃ³n sencilla, muy limpia y con todo  lo necesario para estar. A pocos pasos de Nana BTS. 
Nota.- Calle de bares para tomar algo, menos en el Catâ€™s Bar donde el trago vale lo mismo que en un Gogo Bar (o yo fui estÃºpido al no preguntar el precio).",24Â juinÂ 2024,Argentine,Chambre Double SupÃ©rieure,1 nuitÂ Â·,Voyageur individuel
Atlas Bangkok Hotel,Exceptionnel,Ce client n'a pas laissÃ© de commentaire.,22Â juinÂ 2024,Qatar,Chambre Double Standard,2 nuitsÂ Â·,Couple
Atlas Bangkok Hotel,TrÃ¨s bien,L'hÃ´tel est situÃ© au pied du mÃ©tro Nana. Ce qui simplifie les dÃ©placements dans Bangkok. Le personnel est trÃ¨s courtois et parle anglais au besoin.,21Â juinÂ 2024,France,Chambre Double SupÃ©rieure,2 nuitsÂ Â·,Voyageur individuel
Atlas Bangkok Hotel,DÃ©cevant,Ce client n'a pas laissÃ© de commentaire.,20Â juinÂ 2024,Ã‰mirats arabes unis,Chambre Lits Jumeaux Standard,2 nuitsÂ Â·,Couple
Atlas Bangkok Hotel,TrÃ¨s bien,Ce client n'a pas laissÃ© de commentaire.,17Â juinÂ 2024,France,Chambre Double SupÃ©rieure,3 nuitsÂ Â·,Voyageur individuel
Atlas Bangkok Hotel,Bien,Nice location,17Â juinÂ 2024,Vietnam,Chambre Familiale Standard,3 nuitsÂ Â·,Groupe
Atlas Bangkok Hotel,Bien,Location next to bts,16Â juinÂ 2024,Myanmar,Chambre Double SupÃ©rieure,3 nuitsÂ Â·,Voyageur individuel
The Bangkok Major Suite,Bien,"à¹€à¸„à¸¢à¸Šà¸­à¸šà¸¡à¸²à¸ à¹€à¸à¸£à¸²à¸°
à¹ƒà¸à¸¥à¹‰ bts
à¸£à¸²à¸„à¸²à¸”à¸µ à¸ˆà¸²à¸à¸ªà¹ˆà¸§à¸™à¸¥à¸”à¸‚à¸­à¸‡ booking à¸”à¹‰à¸§à¸¢à¸£à¸°à¸”à¸±à¸š genius
à¸«à¹‰à¸­à¸‡à¸à¸§à¹‰à¸²à¸‡ à¹‚à¸›à¸£à¹ˆà¸‡ à¸ªà¸šà¸²à¸¢
Wifi à¹„à¸§
à¹à¸•à¹ˆ...",12Â juinÂ 2024,ThaÃ¯lande,Suite Junior,1 nuitÂ Â·,Voyageur individuel
The Bangkok Major Suite,Exceptionnel,Ce client n'a pas laissÃ© de commentaire.,7Â juinÂ 2024,ThaÃ¯lande,Suite Junior,2 nuitsÂ Â·,Couple
The Bangkok Major Suite,One experience is enough. Will never book again. Hoping for a refund.,"Although their English is a bit limited
and we communicate more through google translator, the  attendants were accomodating.",2Â juinÂ 2024,Philippines,Suite Junior,5 nuitsÂ Â·,Couple
The Bangkok Major Suite,DÃ©cevant,à¸„à¸§à¸²à¸¡à¸ªà¸°à¸­à¸²à¸” à¹€à¸ˆà¸­à¹à¸¡à¸¥à¸‡à¸ªà¸²à¸šà¹ƒà¸™à¸«à¹‰à¸­à¸‡ à¸«à¹‰à¸­à¸‡à¹€à¸«à¸¡à¹‡à¸™à¸­à¸±à¸š,9Â avrilÂ 2024,ThaÃ¯lande,Suite Junior,1 nuitÂ Â·,Famille
The Bangkok Major Suite,à¹à¸¢à¹ˆà¸¡à¸²à¸à¸ˆà¸£à¸´à¸‡à¹†,à¸ªà¸°à¸”à¸§à¸à¹à¸„à¹ˆà¸£à¸–à¹„à¸Ÿà¸Ÿà¹‰à¸²,4Â avrilÂ 2024,ThaÃ¯lande,Suite Junior,1 nuitÂ Â·,Voyageur individuel
The Bangkok Major Suite,TrÃ¨s bien,Ce client n'a pas laissÃ© de commentaire.,27Â marsÂ 2024,ThaÃ¯lande,Suite Junior,1 nuitÂ Â·,Groupe
The Bangkok Major Suite,à¸„à¸§à¸£à¸›à¸£à¸±à¸šà¸›à¸£à¸¸à¸‡ à¸«à¹‰à¸­à¸‡à¸à¸±à¸à¸«à¸¡à¸²à¸¢à¹€à¸¥à¸‚ 201 à¸¡à¸²à¸à¹†,à¸—à¸³à¹€à¸¥ à¹€à¸”à¸´à¸™à¸—à¸²à¸‡à¸ªà¸°à¸”à¸§à¸,25Â marsÂ 2024,ThaÃ¯lande,Suite Junior,1 nuitÂ Â·,Couple
The Bangkok Major Suite,Bien,à¸—à¸³à¹€à¸¥à¸—à¸µà¹ˆà¸•à¸±à¹‰à¸‡,20Â marsÂ 2024,ThaÃ¯lande,Suite Junior,2 nuitsÂ Â·,Voyageur individuel
The Bangkok Major Suite,Mauvais,Ce client n'a pas laissÃ© de commentaire.,16Â marsÂ 2024,ThaÃ¯lande,Suite Junior,1 nuitÂ Â·,Famille
The Bangkok Major Suite,Passable,Ce client n'a pas laissÃ© de commentaire.,6Â marsÂ 2024,ThaÃ¯lande,Suite Junior,1 nuitÂ Â·,Voyageur individuel
Lamphuhouse Bangkok - SHA Extra Plus Certified,TrÃ¨s bien,"Die Lage war super gewesen alles in der NÃ¤he. 
Da es in der zweiten Reihe steht war es dennoch sehr ruhig.",28Â juinÂ 2024,Allemagne,Chambre Lits Jumeaux SupÃ©rieure avec Balcon,2 nuitsÂ Â·,Groupe
Lamphuhouse Bangkok - SHA Extra Plus Certified,Fabuleux,Ce client n'a pas laissÃ© de commentaire.,28Â juinÂ 2024,Pays-Bas,Chambre Lits Jumeaux SupÃ©rieure avec Balcon,1 nuitÂ Â·,Groupe
Lamphuhouse Bangkok - SHA Extra Plus Certified,Fabuleux,Ce client n'a pas laissÃ© de commentaire.,28Â juinÂ 2024,Allemagne,Chambre Lits Jumeaux Standard ClimatisÃ©e,1 nuitÂ Â·,Couple
Lamphuhouse Bangkok - SHA Extra Plus Certified,Bien,Ce client n'a pas laissÃ© de commentaire.,28Â juinÂ 2024,SlovÃ©nie,Chambre Lits Jumeaux Standard ClimatisÃ©e,3 nuitsÂ Â·,Famille
Lamphuhouse Bangkok - SHA Extra Plus Certified,TrÃ¨s bien,Ce client n'a pas laissÃ© de commentaire.,27Â juinÂ 2024,Royaume-Uni,HÃ©bergement Lits Jumeaux avec Salle de Bains Privative et Ventilateur,2 nuitsÂ Â·,Couple
Lamphuhouse Bangkok - SHA Extra Plus Certified,Exceptionnel,Ce client n'a pas laissÃ© de commentaire.,27Â juinÂ 2024,Allemagne,Chambre Double SupÃ©rieure avec Balcon,1 nuitÂ Â·,Famille
Lamphuhouse Bangkok - SHA Extra Plus Certified,Bien,Kind staff and perfect location. Good for the price !,27Â juinÂ 2024,France,Chambre Double avec Ventilateur et Salle de Bains Commune,3 nuitsÂ Â·,Couple
Lamphuhouse Bangkok - SHA Extra Plus Certified,A solid choice in Central Bangkok.,"Great location in good proximity to the tourist spots, but down an alley which makes the hotel itself quite tranquil. Lovely courtyard area to relax in. It's not a flashy hotel, but has everything you need and it's clean.",27Â juinÂ 2024,Nouvelle-ZÃ©lande,Chambre Lits Jumeaux Standard ClimatisÃ©e,2 nuitsÂ Â·,Famille
Lamphuhouse Bangkok - SHA Extra Plus Certified,Bien,De binnentuin,26Â juinÂ 2024,Pays-Bas,Chambre Double Standard ClimatisÃ©e,2 nuitsÂ Â·,Famille
Lamphuhouse Bangkok - SHA Extra Plus Certified,Fabuleux,Ce client n'a pas laissÃ© de commentaire.,26Â juinÂ 2024,Pays-Bas,Chambre Double Standard ClimatisÃ©e,3 nuitsÂ Â·,Couple
Annex Lumpini Bangkok,Exceptionnel,Ce client n'a pas laissÃ© de commentaire.,25Â juinÂ 2024,Turquie,Studio,1 nuitÂ Â·,Voyageur individuel
Annex Lumpini Bangkok,"If you cannot find anything cheaper. You can book it, but it is bad",Location,23Â juinÂ 2024,Pologne,Studio,7 nuitsÂ Â·,Voyageur individuel
Annex Lumpini Bangkok,Exceptionnel,ê·¼ì²˜ì— ë¡¬í”¼ë‹ˆê³µì›ë„ ìˆê³  í¸ì˜ì ë„ ê°€ê¹ê³  ì¢‹ìŠµë‹ˆë‹¤. ì¤‘ì‹¬ì§€ëŠ” ì•„ë‹ˆì§€ë§Œ ê·¸ë© ë³¼íŠ¸ê°€ ìˆìœ¼ë‹ˆ ìƒê´€ì—†ì—ˆë„¤ìš”. ê°€ì„±ë¹„ìˆ™ì†Œë¡œ ë§Œì¡±ì…ë‹ˆë‹¤,21Â juinÂ 2024,CorÃ©e du Sud,Studio,3 nuitsÂ Â·,Voyageur individuel
Annex Lumpini Bangkok,Best holiday in ThaÃ¯lande,My holiday in annex Lumpini what's good the staff is Nice and I love is place,20Â juinÂ 2024,Ãle Maurice,Studio,5 nuitsÂ Â·,Famille
Annex Lumpini Bangkok,Good quality for this price,Good cost and location.,16Â juinÂ 2024,Russie,Studio,7 nuitsÂ Â·,Couple
Annex Lumpini Bangkok,"Best Gym, Best access to free laundry, best morning coffee, best location I've been in.","The Gym was awesome, best one I've been to travelling. Also having access to using a communal laundry and drying racks was excellent. the coffee amenities and accessibility was lovely to have in the morning in the lobby, there was a wide comfortable outside smoking area. Inside the room the air con was strong and durable, and powerful, very happy. the balcony we had in our room to dry out clothes was very nice. All the staff were always happy, kind and able to lend a helping hand and such hard workers and so lovely. Thankyou for making our stay a memorable one.",10Â juinÂ 2024,Australie,Studio,5 nuitsÂ Â·,Couple
Annex Lumpini Bangkok,Bien,Acceptable basic accommodation,7Â juinÂ 2024,Royaume-Uni,Studio,3 nuitsÂ Â·,Voyageur individuel
Annex Lumpini Bangkok,TrÃ¨s bien,"Comfortable bed 
Big Thai TV 
Polite staff 
Very low room rate
coffee in the lobby 
Nice Air Con 
Nice Window ğŸªŸ View",6Â juinÂ 2024,Macao,Studio,29 nuitsÂ Â·,Voyageur individuel
Annex Lumpini Bangkok,Exceptionnel,Ce client n'a pas laissÃ© de commentaire.,6Â juinÂ 2024,ThaÃ¯lande,Studio,1 nuitÂ Â·,Couple
Annex Lumpini Bangkok,unknown,Ø§Ù„Ù…ÙØ§Ø±Ø´ ÙƒÙ„Ù‡Ø§ Ù…ØªØ³Ø®Ù‡ Ù„Ù… ØªØºØ³Ù„ Ø§Ùˆ Ø§Ù†Ù‡Ø§ Ù„Ù… ØªØºØ³Ù„ Ø¨Ø´ÙƒÙ„ Ø¬ÙŠØ¯,5Â juinÂ 2024,Arabie Saoudite,Studio,1 nuitÂ Â·,Voyageur individuel
Bangkok City Inn,ãƒãƒ³ã‚³ã‚¯ã®å¸¸å®¿ã®ä¸€ã¤ã§ã™,ã“ã®ãƒ›ãƒ†ãƒ«ã¯ç§ã«ã¨ã£ã¦ãƒãƒ³ã‚³ã‚¯ã®å¸¸å®¿ã®ä¸€ã¤ã§ã™ã€‚ãƒ­ã‚±ãƒ¼ã‚·ãƒ§ãƒ³ãŒæŠœç¾¤ã«è‰¯ãå®¿æ³Šä»£ã¯ã‚¨ã‚³ãƒãƒŸãƒ¼ã§ã‚ã‚ŠãŒãŸã„ã§ã™ã€‚è¨­å‚™ã‚‚ã€ãƒ†ãƒ¬ãƒ“ã€ã‚¨ã‚¢ã‚³ãƒ³ã€ã‚·ãƒ£ãƒ¯ãƒ¼ã€ãƒˆã‚¤ãƒ¬ã¨ä¸€é€šã‚Šæƒã£ã¦ã„ã¾ã™ã€‚,27Â juinÂ 2024,Japon,Chambre Double ou Lits Jumeaux Standard,3 nuitsÂ Â·,Voyageur individuel
Bangkok City Inn,I stay there starting from 10 to 21 and the hotel staff are so rude and breakfast was included in my package but I just,Location was perfect,21Â juinÂ 2024,Bhoutan,Chambre Double ou Lits Jumeaux Standard,8 nuitsÂ Â·,Famille
Bangkok City Inn,DÃ©cevant,Ce client n'a pas laissÃ© de commentaire.,17Â juinÂ 2024,Pays-Bas,Chambre Double ou Lits Jumeaux Standard,1 nuitÂ Â·,Famille
Bangkok City Inn,Exceptionnel,Ce client n'a pas laissÃ© de commentaire.,17Â juinÂ 2024,Vietnam,Chambre Double ou Lits Jumeaux Standard,3 nuitsÂ Â·,Voyageur individuel
Bangkok City Inn,TrÃ¨s bien,Ce client n'a pas laissÃ© de commentaire.,16Â juinÂ 2024,Myanmar,Chambre Double ou Lits Jumeaux Standard,3 nuitsÂ Â·,Famille
Bangkok City Inn,Ideal location and reasonable price!,Ideal location.  Missed the breakfast,12Â juinÂ 2024,Bhoutan,Chambre Double ou Lits Jumeaux Standard,2 nuitsÂ Â·,Groupe
Bangkok City Inn,Mauvais,"I had a very very bad experience today. After checking out, I bought a meal with the intention of eating it on the first floor of the hotel before taking a taxi to the airport. I asked an elderly staff at the entrance if I could eat my meal in the breakfast area, and I was given permission. However, another younger staff at the entrance then told me that I could not eat there and insisted that I finish my meal on the seat near the entrance. Eating at the entrance seemed very inappropriate, and there were tables with chairs opposite the check-in station in the lobby, where I wanted to sit, but I was refused. The young staff insisted that I sit on the seats near the entrance, claiming it was still indoors, and his attitude was very rude.

I can understand and accept the request not to dine in the restaurant area, perhaps due to their concern about additional cleaning. I can also accept being told that guests who have checked out are not allowed to eat in the lobby, as I was no longer their guest. However, I cannot accept the rude attitude of the young male staff at the entrance. Even though I had checked out, I should not be treated like an animal, forced to eat at the entrance. This is highly insulting behavior, and I don't understand his motive for doing so. During my stay, I saw other guests eating light meals on the seats opposite the check-in situation several times.

I believe his actions towards me were racially and gender biased. Throughout my stay, the service station staff, cleaning staff, and other hotel employees were all very friendly. Only this young man today was exceptionally rude and intolerable. If my request was not allowed, it could have been directly refused without degrading behavior. Guests who have checked out should still have their rights and should be treated with respect.",12Â juinÂ 2024,Chine,Chambre Double ou Lits Jumeaux Standard,5 nuitsÂ Â·,Couple
Bangkok City Inn,TrÃ¨s bien,Ce client n'a pas laissÃ© de commentaire.,11Â juinÂ 2024,Singapour,Chambre Double ou Lits Jumeaux Standard,3 nuitsÂ Â·,Famille
Bangkok City Inn,Bien,Ce client n'a pas laissÃ© de commentaire.,9Â juinÂ 2024,Inde,Chambre Double ou Lits Jumeaux Standard,4 nuitsÂ Â·,Famille
Bangkok City Inn,DÃ©cevant,Ce client n'a pas laissÃ© de commentaire.,8Â juinÂ 2024,Danemark,Chambre Double ou Lits Jumeaux Standard,1 nuitÂ Â·,Couple
Lucky Green View,TrÃ¨s bien,Ce client n'a pas laissÃ© de commentaire.,28Â juinÂ 2024,ThaÃ¯lande,Chambre Lits Jumeaux Standard,2 nuitsÂ Â·,Groupe
Lucky Green View,Exceptionnel,à¸—à¸µà¹ˆà¸à¸±à¸à¸à¸§à¹‰à¸²à¸‡ à¸­à¸²à¸«à¸²à¸£à¸­à¸£à¹ˆà¸­à¸¢,24Â juinÂ 2024,ThaÃ¯lande,Chambre Lits Jumeaux Standard,1 nuitÂ Â·,Groupe
Lucky Green View,Bien,Ce client n'a pas laissÃ© de commentaire.,18Â juinÂ 2024,Ã‰mirats arabes unis,Chambre Lits Jumeaux Standard,1 nuitÂ Â·,Voyageur individuel
Lucky Green View,Voldoende,Goed douche.,14Â juinÂ 2024,Pays-Bas,Chambre Lits Jumeaux Standard,6 nuitsÂ Â·,Voyageur individuel
Lucky Green View,TrÃ¨s bien,Ce client n'a pas laissÃ© de commentaire.,3Â juinÂ 2024,ThaÃ¯lande,Chambre Lits Jumeaux Standard,2 nuitsÂ Â·,Couple
Lucky Green View,TrÃ¨s bien,Ce client n'a pas laissÃ© de commentaire.,3Â juinÂ 2024,ThaÃ¯lande,Chambre Lits Jumeaux Standard,1 nuitÂ Â·,Couple
Lucky Green View,TrÃ¨s bien,Ce client n'a pas laissÃ© de commentaire.,28Â maiÂ 2024,Pakistan,Chambre Lits Jumeaux Standard,3 nuitsÂ Â·,Famille
Lucky Green View,Bien,Ruime kamer,25Â maiÂ 2024,Pays-Bas,Chambre Lits Jumeaux Standard,1 nuitÂ Â·,Voyageur individuel
Lucky Green View,For this price and this area - best . But could smell betterâ€¦,Real hotel.  Nice stuff,12Â maiÂ 2024,Russie,Chambre Lits Jumeaux Standard,1 nuitÂ Â·,Famille
Lucky Green View,Bien,"Ğ—Ğ°Ğ²Ñ‚Ñ€Ğ°Ğº Ğ¿Ñ€Ğ¾ÑÑ‚Ğ¾Ğ¹, Ğ²ÑĞµ Ğ²ĞºÑƒÑĞ½Ğ¾. ĞĞ¾Ğ¼ĞµÑ€ Ñ‡Ğ¸ÑÑ‚Ñ‹Ğ¹, Ğ¿Ñ€Ğ¸Ğ²ĞµÑ‚Ğ»Ğ¸Ğ²Ñ‹Ğ¹ Ğ¿ĞµÑ€ÑĞ¾Ğ½Ğ°Ğ».",28Â avrilÂ 2024,Russie,Chambre Lits Jumeaux Standard,4 nuitsÂ Â·,Voyageur individuel
Vinary Hotel Sukhumvit - SHA EXTRA Plus,Exceptionnel,à¸«à¹‰à¸­à¸‡à¸™à¹‰à¸³à¹„à¸¡à¹ˆà¸¡à¸µà¸„à¸£à¸µà¸¡à¸­à¸²à¸šà¸™à¹‰à¸³ à¸à¸¥à¹ˆà¸­à¸‡à¹ƒà¸ªà¹ˆà¸„à¸£à¸µà¸¡à¸­à¸²à¸šà¸™à¹‰à¸³à¸à¸±à¸‡,28Â juinÂ 2024,ThaÃ¯lande,Chambre Double Standard,1 nuitÂ Â·,Famille
Vinary Hotel Sukhumvit - SHA EXTRA Plus,"Have stayed here many times over the years, but it's not as good as it was.","After a super-long trip, being given a keycard that doesn't work. And minutes later some other problem which forced me to change rooms.",27Â juinÂ 2024,Vietnam,Chambre Double Deluxe,2 nuitsÂ Â·,Voyageur individuel
Vinary Hotel Sukhumvit - SHA EXTRA Plus,Exceptionnel,Ce client n'a pas laissÃ© de commentaire.,24Â juinÂ 2024,Ã‰tats-Unis,Chambre Double Standard,1 nuitÂ Â·,Voyageur individuel
Vinary Hotel Sukhumvit - SHA EXTRA Plus,Exceptionnel,Ce client n'a pas laissÃ© de commentaire.,23Â juinÂ 2024,Ã‰tats-Unis,Chambre Double Standard,2 nuitsÂ Â·,Voyageur individuel
Vinary Hotel Sukhumvit - SHA EXTRA Plus,ã¾ãŸæ³Šã¾ã‚ŠãŸã„ã€‚,å…¨ã¦è‰¯ã‹ã£ãŸã€‚ã¾ãŸæ³Šã¾ã‚ŠãŸã„ã§ã™ã€‚,22Â juinÂ 2024,Japon,Chambre Double Standard,3 nuitsÂ Â·,Voyageur individuel
Vinary Hotel Sukhumvit - SHA EXTRA Plus,Bien,Ce client n'a pas laissÃ© de commentaire.,21Â juinÂ 2024,ThaÃ¯lande,Chambre Double Standard,1 nuitÂ Â·,Famille
Vinary Hotel Sukhumvit - SHA EXTRA Plus,Exceptionnel,"Value for money, great location near BTS , restaurant great food",16Â juinÂ 2024,Inde,Chambre Double Standard,6 nuitsÂ Â·,Famille
Vinary Hotel Sukhumvit - SHA EXTRA Plus,Passable,Ce client n'a pas laissÃ© de commentaire.,15Â juinÂ 2024,ThaÃ¯lande,Chambre Double Standard,1 nuitÂ Â·,Famille
Vinary Hotel Sukhumvit - SHA EXTRA Plus,Fabuleux,Ce client n'a pas laissÃ© de commentaire.,13Â juinÂ 2024,ThaÃ¯lande,Chambre Double Deluxe,1 nuitÂ Â·,Couple
Vinary Hotel Sukhumvit - SHA EXTRA Plus,I stayed another 2-3 times in this hotel only because of the location,"clean of the room everyday, location",12Â juinÂ 2024,Chypre,Chambre Double ou Lits Jumeaux Deluxe avec Balcon,5 nuitsÂ Â·,Voyageur individuel
The Greens Old Town Bangkok,Exceptionnel,5min walk from Khao San road. Still the location is really nice with relaxed and chill vibes. Just perfect. The rooms are super clean and beds are very comfy. The staff is exceptional. Superfriendly and always there if you need something. Will definitely come back when Iâ€˜m in Bangkok,28Â juinÂ 2024,Allemagne,Chambre Double Standard,3 nuitsÂ Â·,Couple
The Greens Old Town Bangkok,Exceptionnel,"It was clean, simple, cute.",27Â juinÂ 2024,Philippines,Chambre Lit Queen-Size,1 nuitÂ Â·,Voyageur individuel
The Greens Old Town Bangkok,"Angenehm, gut aufgeboben :)","Die Lage, Toilette und Dusche im Zimmer, die GrÃ¶ÃŸe des Zimmers, Klimaanlageâ€¦ Das Personal ist super.",27Â juinÂ 2024,Vietnam,Chambre Double SupÃ©rieure,3 nuitsÂ Â·,Famille
The Greens Old Town Bangkok,éå¸¸æ£’çš„å…¥ä½ä½“éªŒï¼Œå‘¨è¾¹å¤œå¸‚è€ƒå±±è·¯éƒ½å¾ˆæ–¹ä¾¿ï¼Œå‰å°å°å§å§ä¸­æ–‡å¾ˆå¥½ï¼ï¼,é¦–å…ˆä»åœ°ç†ä½ç½®å’Œè£…ä¿®æ¥çœ‹æ€§ä»·æ¯”å¾ˆé«˜ï¼Œä¸€æ¥¼æœ‰éå¸¸å¤§çš„å…¬å…±ç©ºé—´ï¼Œè¿˜æœ‰æ‰“æªçš„å°æ¸¸æˆï¼Œä¸ºæˆ‘ä»¬æ¯å¤©çš„æ—¥å¸¸æä¾›äº†å¾ˆæ£’çš„å¨±ä¹æ´»åŠ¨ã€‚å…¶æ¬¡ï¼Œå‰å°çš„å°å“¥å°å§å§ä»¬æ˜¯åŠ åˆ†é¡¹ï¼Œå¤§å®¶éƒ½å¾ˆniceçƒ­æƒ…ï¼Œè¿˜æ”¶åˆ°äº†å…¥ä½å°ç¤¼ç‰©ã€‚,25Â juinÂ 2024,Chine,Chambre Double Standard,3 nuitsÂ Â·,Couple
The Greens Old Town Bangkok,Bien,El trato humano y el poder hacer el check-in a cualquier hora.,25Â juinÂ 2024,Espagne,Chambre Double SupÃ©rieure,1 nuitÂ Â·,Groupe
The Greens Old Town Bangkok,Great location. Lovely staff!,"Lovely and clean! Staff were very friendly and the location was perfect, not too close to khao san road so it was quiet in the nice but only a few minute walk",24Â juinÂ 2024,Royaume-Uni,Chambre Double Deluxe,3 nuitsÂ Â·,Groupe
The Greens Old Town Bangkok,Exceptionnel,Ce client n'a pas laissÃ© de commentaire.,23Â juinÂ 2024,Turquie,Chambre Double Standard,1 nuitÂ Â·,Couple
The Greens Old Town Bangkok,Great stay at The Greens,The room was minimalistic but good. Lovely Hotel staff which inquired for us how to get around Thailand by train. Everything was clean.,23Â juinÂ 2024,Allemagne,Chambre Double SupÃ©rieure,1 nuitÂ Â·,Couple
The Greens Old Town Bangkok,Exceptionnel,"UbicaciÃ³, el personal Ã©s molt atent i estÃ  tot net.",22Â juinÂ 2024,Espagne,Chambre Double Deluxe,2 nuitsÂ Â·,Couple
The Greens Old Town Bangkok,Exceptionnel,Ce client n'a pas laissÃ© de commentaire.,21Â juinÂ 2024,Turquie,Chambre Double Standard,1 nuitÂ Â·,Voyageur individuel
Nantra Ploenchit hotel,Fabuleux,"The price was affordable and the room was nice. If I happen to travel around here, I will for sure stay there again. Everything was okay for me.",25Â juinÂ 2024,Myanmar,Chambre Double Standard,2 nuitsÂ Â·,Voyageur individuel
Nantra Ploenchit hotel,Mauvais,Ce client n'a pas laissÃ© de commentaire.,24Â juinÂ 2024,Inde,Chambre Double Standard,1 nuitÂ Â·,Voyageur individuel
Nantra Ploenchit hotel,Hotel good for budget travellers ..,"The room is cozy and clean , nice windows views",19Â juinÂ 2024,Canada,Chambre Double Deluxe,3 nuitsÂ Â·,Voyageur individuel
Nantra Ploenchit hotel,TrÃ¨s bien,Ce client n'a pas laissÃ© de commentaire.,19Â juinÂ 2024,ThaÃ¯lande,Chambre Double Standard,2 nuitsÂ Â·,Couple
Nantra Ploenchit hotel,Good value of money.Peaceful,no facility for wardrobe .There was no closet to keep my clothes and belongings.,17Â juinÂ 2024,NÃ©pal,Chambre Double Standard,7 nuitsÂ Â·,Voyageur individuel
Nantra Ploenchit hotel,Fabuleux,Ce client n'a pas laissÃ© de commentaire.,15Â juinÂ 2024,IndonÃ©sie,Chambre Double Standard,6 nuitsÂ Â·,Groupe
Nantra Ploenchit hotel,AgrÃ©able,Accessibility to nearby malls and train stations. Quiet area for tourist that wants to relax and sleep well at night.,13Â juinÂ 2024,Philippines,Chambre Familiale,2 nuitsÂ Â·,Groupe
Nantra Ploenchit hotel,Bien,Ce client n'a pas laissÃ© de commentaire.,12Â juinÂ 2024,ThaÃ¯lande,Chambre Double Standard,1 nuitÂ Â·,Famille
Nantra Ploenchit hotel,Bien,"Accogliente, pulita e ben servita",5Â juinÂ 2024,Italie,Chambre Double Standard,1 nuitÂ Â·,Voyageur individuel
Nantra Ploenchit hotel,Mauvais,à¹„à¸¡à¹ˆà¸¡à¸µà¹€à¸¥à¸¢,21Â maiÂ 2024,ThaÃ¯lande,Chambre Double Standard,1 nuitÂ Â·,Voyageur individuel
Suraya Bangkok,TrÃ¨s bien,"Buena ubicaciÃ³n, la gente super amable, el lugar lindo y muy limpio.",28Â juinÂ 2024,Argentine,Chambre Triple Standard,4 nuitsÂ Â·,Groupe
Suraya Bangkok,Super endroit (trÃ¨s simpa j'adore),L'accueil franchement  les gÃ©rants sont adorables et tres accueillant et la dÃ©coration est  super jolie et trÃ¨s bien situÃ© 350 de kaossan road,26Â juinÂ 2024,France,Chambre Double Deluxe,4 nuitsÂ Â·,Famille
Suraya Bangkok,AgrÃ©able,Ce client n'a pas laissÃ© de commentaire.,23Â juinÂ 2024,Turquie,Chambre Double Deluxe,1 nuitÂ Â·,Couple
Suraya Bangkok,AgrÃ©able,Ce client n'a pas laissÃ© de commentaire.,22Â juinÂ 2024,Espagne,Chambre Triple Classique,3 nuitsÂ Â·,Groupe
Suraya Bangkok,Gentil et efficace,Personnels adorable et emplacement parfait,18Â juinÂ 2024,France,Chambre Lit Queen-Size Deluxe,2 nuitsÂ Â·,Groupe
Suraya Bangkok,Bien,"Sehr liebes Personal
sehr zentral (somit auch laut)",17Â juinÂ 2024,Allemagne,Chambre Standard Lit Queen-Size,2 nuitsÂ Â·,Voyageur individuel
Suraya Bangkok,TÃ´i thÃ­ch ká»³ nghÄ© nÃ y.,Äá»‹a Ä‘iá»ƒm tá»‘t.,17Â juinÂ 2024,Vietnam,Chambre Double Deluxe,2 nuitsÂ Â·,Famille
Suraya Bangkok,Exceptionnel,Ce client n'a pas laissÃ© de commentaire.,15Â juinÂ 2024,NorvÃ¨ge,Chambre Triple Classique,1 nuitÂ Â·,Groupe
Suraya Bangkok,"Nice host, cozy and comfortable","The host is super nice and helpful

The place gives off a warm and cozy vibe (like a cafÃ©!). The dorm room is a bit small but still okay. Facilities are good and comfortable overall!

Donâ€™t worry about the noisy construction sites nearby, theyâ€™ll stop working before midnight",14Â juinÂ 2024,Vietnam,Chambre Double Deluxe,1 nuitÂ Â·,Groupe
Suraya Bangkok,TrÃ¨s bien,Ce client n'a pas laissÃ© de commentaire.,14Â juinÂ 2024,Philippines,Chambre Triple Classique,2 nuitsÂ Â·,Famille
Tinidee Trendy Bangkok Khaosan,Bien,Ce client n'a pas laissÃ© de commentaire.,28Â juinÂ 2024,Espagne,Chambre Double Deluxe,3 nuitsÂ Â·,Famille
Tinidee Trendy Bangkok Khaosan,TrÃ¨s bien,Ce client n'a pas laissÃ© de commentaire.,28Â juinÂ 2024,Australie,Chambre Double Deluxe,2 nuitsÂ Â·,Couple
Tinidee Trendy Bangkok Khaosan,Bien,Ce client n'a pas laissÃ© de commentaire.,27Â juinÂ 2024,Italie,Chambre Double Deluxe,3 nuitsÂ Â·,Groupe
Tinidee Trendy Bangkok Khaosan,TrÃ¨s bien,The staff and the location.,27Â juinÂ 2024,Australie,Chambre Double Deluxe,1 nuitÂ Â·,Famille
Tinidee Trendy Bangkok Khaosan,TrÃ¨s bien,nice room,27Â juinÂ 2024,Suisse,Chambre Double Deluxe,3 nuitsÂ Â·,Couple
Tinidee Trendy Bangkok Khaosan,TrÃ¨s bien,Ce client n'a pas laissÃ© de commentaire.,27Â juinÂ 2024,Australie,Chambre Double Deluxe,1 nuitÂ Â·,Couple
Tinidee Trendy Bangkok Khaosan,Mejor hotel de bangkok,"Hotel muy moderno, las instalaciones son geniales, sobre todo la piscina que es fabulosa. La ubicaciÃ³n inmejorable.",26Â juinÂ 2024,Espagne,Chambre Double Deluxe,4 nuitsÂ Â·,Couple
Tinidee Trendy Bangkok Khaosan,Fabuleux,Ce client n'a pas laissÃ© de commentaire.,26Â juinÂ 2024,Inde,Chambre Double Deluxe,2 nuitsÂ Â·,Groupe
Tinidee Trendy Bangkok Khaosan,Fabuleux,Ce client n'a pas laissÃ© de commentaire.,26Â juinÂ 2024,Inde,Chambre Double Deluxe,2 nuitsÂ Â·,Couple
Tinidee Trendy Bangkok Khaosan,TrÃ¨s bien,Ce client n'a pas laissÃ© de commentaire.,26Â juinÂ 2024,France,Chambre Double Deluxe,1 nuitÂ Â·,Voyageur individuel
Centara Life Hotel Bangkok Phra Nakhon,Exceptionnel,Ce client n'a pas laissÃ© de commentaire.,28Â juinÂ 2024,Philippines,Chambre Lit King-Size SupÃ©rieure,2 nuitsÂ Â·,Couple
Centara Life Hotel Bangkok Phra Nakhon,Fabuleux,"Ğ¥Ğ¾Ñ€Ğ¾ÑˆĞ°Ñ Ñ‡ĞµÑ‚Ğ²ĞµÑ€ĞºĞ°. Ğ—Ğ° 50$ Ğ½Ğ° Ğ´Ğ²Ğ¾Ğ¸Ñ… Ğ² ÑÑƒÑ‚ĞºĞ¸ ÑĞ¾Ğ¾Ñ‚Ğ²ĞµÑ‚ÑÑ‚Ğ²ÑƒĞµÑ‚ Ñ†ĞµĞ½Ğ° ĞºĞ°Ñ‡ĞµÑÑ‚Ğ²Ğ¾!

Ğ‘ĞµÑ€ÑƒÑ‚ Ğ·Ğ°Ğ»Ğ¾Ğ³/ Ğ´ĞµĞ¿Ğ¾Ğ·Ğ¸Ñ‚ Ğ¸Ğ¼ĞµĞ¹Ñ‚Ğµ Ğ²Ğ²Ğ¸Ğ´Ñƒ",27Â juinÂ 2024,Autriche,Chambre Lit King-Size SupÃ©rieure,3 nuitsÂ Â·,Couple
Centara Life Hotel Bangkok Phra Nakhon,Bien,Ce client n'a pas laissÃ© de commentaire.,27Â juinÂ 2024,SuÃ¨de,Chambre Lit King-Size SupÃ©rieure,5 nuitsÂ Â·,Groupe
Centara Life Hotel Bangkok Phra Nakhon,à¸”à¸µ,à¸à¸™à¸±à¸à¸‡à¸²à¸™à¸™à¹ˆà¸²à¸£à¸±à¸à¸¢à¸´à¹‰à¸¡à¹à¸¢à¹‰à¸¡,27Â juinÂ 2024,ThaÃ¯lande,Chambre Lit King-Size SupÃ©rieure,1 nuitÂ Â·,Couple
Centara Life Hotel Bangkok Phra Nakhon,TrÃ¨s bien,Ce client n'a pas laissÃ© de commentaire.,27Â juinÂ 2024,Nouvelle-ZÃ©lande,Chambre Lit King-Size SupÃ©rieure,1 nuitÂ Â·,Famille
Centara Life Hotel Bangkok Phra Nakhon,Bien,Ce client n'a pas laissÃ© de commentaire.,26Â juinÂ 2024,SuÃ¨de,Chambre Lit King-Size Deluxe,5 nuitsÂ Â·,Couple
Centara Life Hotel Bangkok Phra Nakhon,Exceptionnel,Ce client n'a pas laissÃ© de commentaire.,26Â juinÂ 2024,Royaume-Uni,Chambre Lit King-Size SupÃ©rieure,1 nuitÂ Â·,Voyageur individuel
Centara Life Hotel Bangkok Phra Nakhon,Fabuleux,Ce client n'a pas laissÃ© de commentaire.,26Â juinÂ 2024,Allemagne,Chambre Lit King-Size SupÃ©rieure,3 nuitsÂ Â·,Voyageur individuel
Centara Life Hotel Bangkok Phra Nakhon,Exceptionnel,Ce client n'a pas laissÃ© de commentaire.,26Â juinÂ 2024,IsraÃ«l,Chambre Lit King-Size SupÃ©rieure,5 nuitsÂ Â·,Couple
Centara Life Hotel Bangkok Phra Nakhon,Muy comoda estancia,"Fue una experiencia totalmente recomendable. Para repetir sin duda. Nada mÃ¡s llegar te sientes como en casa, ya que te reciben de manera extraordinaria. Las instalaciones, la habitaciÃ³n,la piscina, la ubicaciÃ³n, los servicios que ofrece fueron de 10. En resumen... perfecto",25Â juinÂ 2024,Espagne,Chambre Lits Jumeaux SupÃ©rieure,3 nuitsÂ Â·,Famille
Livotel Express Hotel Ramkhamhaeng 50 Bangkok,TrÃ¨s bien,Bien ubicado,22Â juinÂ 2024,Espagne,Chambre Familiale,2 nuitsÂ Â·,Groupe
Livotel Express Hotel Ramkhamhaeng 50 Bangkok,AgrÃ©able,Ce client n'a pas laissÃ© de commentaire.,13Â juinÂ 2024,Philippines,Chambre Double Standard,3 nuitsÂ Â·,Groupe
Livotel Express Hotel Ramkhamhaeng 50 Bangkok,MÃ©diocre,Ce client n'a pas laissÃ© de commentaire.,11Â juinÂ 2024,Australie,Chambre Familiale,3 nuitsÂ Â·,Groupe
Livotel Express Hotel Ramkhamhaeng 50 Bangkok,TrÃ¨s bien,Everything in order and no problems,31Â maiÂ 2024,Royaume-Uni,Chambre Double Standard,5 nuitsÂ Â·,Voyageur individuel
Livotel Express Hotel Ramkhamhaeng 50 Bangkok,Fabuleux,Ce client n'a pas laissÃ© de commentaire.,27Â maiÂ 2024,ThaÃ¯lande,Chambre Double Standard,6 nuitsÂ Â·,Voyageur individuel
Livotel Express Hotel Ramkhamhaeng 50 Bangkok,Bien,winda na pÃ³Å‚piÄ™trze (czyli zawsze trzeba przejÅ›Ä‡ pÃ³Å‚ piÄ™tra),26Â maiÂ 2024,Pologne,Chambre Double Standard,1 nuitÂ Â·,Voyageur individuel
Livotel Express Hotel Ramkhamhaeng 50 Bangkok,TrÃ¨s bien,none,6Â maiÂ 2024,ThaÃ¯lande,Chambre Double Standard,2 nuitsÂ Â·,Groupe
Livotel Express Hotel Ramkhamhaeng 50 Bangkok,"It was good but then again, will always remember how you make them feel!","The rooms are great, clean and spacious.",29Â avrilÂ 2024,ThaÃ¯lande,Chambre Double Standard,1 nuitÂ Â·,Groupe
Livotel Express Hotel Ramkhamhaeng 50 Bangkok,Bien,à¸—à¸¸à¸à¸­à¸¢à¹ˆà¸²à¸‡à¸”à¸µà¸«à¸¡à¸”à¸¢à¸à¹€à¸§à¹‰à¸™à¸„à¸§à¸²à¸¡à¸ªà¸°à¸­à¸²à¸”à¸‚à¸­à¸‡à¸«à¹‰à¸­à¸‡à¸™à¹‰à¸³,29Â avrilÂ 2024,ThaÃ¯lande,Chambre Double Standard,1 nuitÂ Â·,Famille
Livotel Express Hotel Ramkhamhaeng 50 Bangkok,Bien,à¸¡à¸µà¹€à¸‹à¹€à¸§à¹ˆà¸™à¸­à¸¢à¸¹à¹ˆà¸«à¸™à¹‰à¸²à¸—à¸µà¹ˆà¸à¸±à¸ à¸à¸™à¸±à¸à¸‡à¸²à¸™à¸à¸¹à¸”à¸ˆà¸²à¸”à¸µ à¸­à¸²à¸„à¸²à¸£à¸¡à¸µà¸¥à¸´à¸Ÿà¸—à¹Œ à¹€à¸•à¸µà¸¢à¸‡à¸™à¸­à¸™à¸ªà¸šà¸²à¸¢ à¸£à¸²à¸„à¸²à¸ªà¸¡à¹€à¸«à¸•à¸¸à¸ªà¸¡à¸œà¸¥,29Â avrilÂ 2024,ThaÃ¯lande,Chambre Double Standard,1 nuitÂ Â·,Famille
Asia Hotel Bangkok,Exceptionnel,Ce client n'a pas laissÃ© de commentaire.,27Â juinÂ 2024,Royaume-Uni,Chambre Lits Jumeaux SupÃ©rieure,3 nuitsÂ Â·,Famille
Asia Hotel Bangkok,please stay apart from checking chaos,room was cozy and comfortable and with good facilities. near to Ratchatewi metro so easy to commute and reach to various places. breakfast was excellent,27Â juinÂ 2024,Ã‰mirats arabes unis,Chambre Double ou Lits Jumeaux ExÃ©cutive,3 nuitsÂ Â·,Famille
Asia Hotel Bangkok,TrÃ¨s bien,Ce client n'a pas laissÃ© de commentaire.,27Â juinÂ 2024,Ã‰tats-Unis,Chambre Double ou Lits Jumeaux Premier,1 nuitÂ Â·,Famille
Asia Hotel Bangkok,Bien,Ce client n'a pas laissÃ© de commentaire.,26Â juinÂ 2024,La RÃ©union,Chambre Lits Jumeaux SupÃ©rieure,2 nuitsÂ Â·,Voyageur individuel
Asia Hotel Bangkok,"Great location, good value for money","Great location close to amazing local street food, excellent craft coffee cafes as well as a great craft local beer spot just 100m up the road. The BTS is attached to the property too! 1km walk to paragon mall and siam square. Breakfast was 300baht per head and had everything you need , surprisingly well cooked scrambled eggs, croissants , yoghurt , cakes and breads, Thai options , dim sum and siu mai fruit and more ! The hotel itself is an old banger, but clean and has everything you need!",25Â juinÂ 2024,Sri Lanka,Chambre Double ou Lits Jumeaux ExÃ©cutive,1 nuitÂ Â·,Couple
Asia Hotel Bangkok,Exceptionnel,Ce client n'a pas laissÃ© de commentaire.,25Â juinÂ 2024,Mongolie,Chambre Lits Jumeaux SupÃ©rieure,3 nuitsÂ Â·,Couple
Asia Hotel Bangkok,"Everything are good ğŸ‘ ğŸ˜Œ, convenient for me. I will going back again.",I didn't use the breakfast there.,25Â juinÂ 2024,Ã‰tats-Unis,Chambre Lits Jumeaux SupÃ©rieure,2 nuitsÂ Â·,Famille
Asia Hotel Bangkok,Bien,Ce client n'a pas laissÃ© de commentaire.,24Â juinÂ 2024,France,Chambre Lits Jumeaux SupÃ©rieure,4 nuitsÂ Â·,Famille
Asia Hotel Bangkok,The location is excellent and the breakfast is very good,The location is superb - direct access to BTS station from the hotel. That makes our movement to different locations in Bangkok an easy travel experience,23Â juinÂ 2024,Philippines,Chambre Double ou Lits Jumeaux ExÃ©cutive,5 nuitsÂ Â·,Groupe
Asia Hotel Bangkok,Exceptionnel,Ce client n'a pas laissÃ© de commentaire.,23Â juinÂ 2024,Chine,Chambre Double ou Lits Jumeaux Premier,5 nuitsÂ Â·,Couple
A Sleep Bangkok Sathorn,Fabuleux,Calidad/precio es lo mejor de la zona,27Â juinÂ 2024,Espagne,Chambre Double Standard,2 nuitsÂ Â·,Voyageur individuel
A Sleep Bangkok Sathorn,Exceptionnel,Ce client n'a pas laissÃ© de commentaire.,23Â juinÂ 2024,Italie,Chambre Double Standard,2 nuitsÂ Â·,Couple
A Sleep Bangkok Sathorn,Lovely little hotel. Great value for money. Very clean and comfortable.,Lovely spacious rooms. Good AC. Very pleasant stay.,23Â juinÂ 2024,Irlande,Chambre Double Standard,2 nuitsÂ Â·,Groupe
A Sleep Bangkok Sathorn,Moyen,Rien,22Â juinÂ 2024,La RÃ©union,Chambre Double Standard,6 nuitsÂ Â·,Voyageur individuel
A Sleep Bangkok Sathorn,Passable,Ce client n'a pas laissÃ© de commentaire.,21Â juinÂ 2024,Arabie Saoudite,Chambre Double Standard,3 nuitsÂ Â·,Famille
A Sleep Bangkok Sathorn,Bien,Ce client n'a pas laissÃ© de commentaire.,20Â juinÂ 2024,Malaisie,Suite Familiale,4 nuitsÂ Â·,Groupe
A Sleep Bangkok Sathorn,Bien,Ce client n'a pas laissÃ© de commentaire.,18Â juinÂ 2024,Cambodge,Chambre Double Standard,2 nuitsÂ Â·,Voyageur individuel
A Sleep Bangkok Sathorn,Bien,Ce client n'a pas laissÃ© de commentaire.,16Â juinÂ 2024,Espagne,Chambre Double Standard,1 nuitÂ Â·,Voyageur individuel
A Sleep Bangkok Sathorn,TrÃ¨s bien,Ce client n'a pas laissÃ© de commentaire.,16Â juinÂ 2024,Ã‰tats-Unis,Chambre Double SupÃ©rieure,2 nuitsÂ Â·,Famille
A Sleep Bangkok Sathorn,TrÃ¨s bien,Ce client n'a pas laissÃ© de commentaire.,16Â juinÂ 2024,ThaÃ¯lande,Chambre Double Standard,1 nuitÂ Â·,Famille
Let's Zzz Bangkok,Breakfast in Bangkok,"Great little hideaway. Rooms were clean and safe.
The included breakfast was amazing! They had options and coffee... yum",28Â juinÂ 2024,Australie,Chambre Lits Jumeaux Standard,2 nuitsÂ Â·,Voyageur individuel
Let's Zzz Bangkok,TrÃ¨s bien,Ce client n'a pas laissÃ© de commentaire.,27Â juinÂ 2024,Allemagne,Chambre Lits Jumeaux Standard,5 nuitsÂ Â·,Groupe
Let's Zzz Bangkok,Fabuleux,"Åšwietna lokalizacja. Nie braliÅ›my Å›niadaÅ„ bo byliÅ›my 5 osobowÄ… rodzinÄ…. DoÅ›Ä‡ sporo jak na jedno Å›niadanie dla caÅ‚oÅ›ci, ale przed hotelem mistrzowska kawka z rana, niedaleko 7/11 toÅ›ciki na ciepÅ‚o, owoce na straganach obok i zwiedzanie! Pod kÄ…tem atrakcji- mistrzostwo Å›wiata. Na piechotÄ™ wszÄ™dzie dojedziesz! PaÅ‚ac, WATy wszystkie i oczywiÅ›cie nocne Å¼ycie. 
Prom niedaleko - najtaÅ„szy ğŸ¤ª 
Pokoje skromne ale wystarczacie na kilka dni zwiedzania! Åazienka czyÅ›ciutka! Good!",27Â juinÂ 2024,Pologne,Chambre Familiale Standard,3 nuitsÂ Â·,Famille
Let's Zzz Bangkok,TrÃ¨s bien,"UbicaciÃ³n, personal muy amable",26Â juinÂ 2024,Espagne,Chambre Familiale Standard,3 nuitsÂ Â·,Famille
Let's Zzz Bangkok,AgrÃ©able,Ce client n'a pas laissÃ© de commentaire.,26Â juinÂ 2024,Italie,Chambre Familiale Standard,1 nuitÂ Â·,Groupe
Let's Zzz Bangkok,Fabuleux,Ce client n'a pas laissÃ© de commentaire.,25Â juinÂ 2024,Guatemala,Chambre Lit King-Size Standard,1 nuitÂ Â·,Voyageur individuel
Let's Zzz Bangkok,Bien,Calme la nuit aucun bruit,25Â juinÂ 2024,Maroc,Chambre Familiale Standard,4 nuitsÂ Â·,Groupe
Let's Zzz Bangkok,TrÃ¨s bien,"Ã“tima localizaÃ§Ã£o, pouco tempo de translado para as principais atraÃ§Ãµes. Quarto confortÃ¡vel para trÃªs pessoas. CafÃ© da manhÃ£ bom! Voltaria em prÃ³ximas viagens.",24Â juinÂ 2024,BrÃ©sil,Chambre Triple Standard,5 nuitsÂ Â·,Groupe
Let's Zzz Bangkok,TrÃ¨s bien,"Desde fuera la verdad no te esperas como es dentro! Muy limpio .. muy tranquilo. Para la zona de kaosan zona muy tranquila lejos del bullicio pero andando son 10/12 minutos. 
El barrio no es de el mejor de los aspectos.. pero Tailandia es muy seguro.. cerca del hotel hay de todo .. si tuviera que volver a kaosan road .. volverÃ­a sin duda !",24Â juinÂ 2024,Espagne,Chambre Familiale Standard,1 nuitÂ Â·,Famille
Let's Zzz Bangkok,I don't recommend,It's clean and budget-friendly,24Â juinÂ 2024,Kazakhstan,Chambre Lit King-Size Standard,2 nuitsÂ Â·,Voyageur individuel
Grande Centre Point Surawong Bangkok,Bien,Ce client n'a pas laissÃ© de commentaire.,28Â juinÂ 2024,Italie,Chambre Lit King-Size Deluxe,2 nuitsÂ Â·,Couple
Grande Centre Point Surawong Bangkok,"Perfecte 10, el millor hotel de la meva vida","L'habitaciÃ³ Ã©s de luxe, banyera amb vistes a la ciutat, llit extra cÃ²mode, wc intelÂ·ligent,i un gran finestral on es veu tota la ciutat. El servei impossible ser mÃ©s atent i amable. L'esmorzar es fabulÃ³s, hi ha de tot, pots literalment dinar a l'hora d'esmorzar, hi ha fideus, arrÃ²s de tot tipus, menjar tailandÃ¨s, xinÃ¨s, japonÃ¨s (et pots fotre una sopa de miso) fruites, cereals, i cuina per fer-te al moment el que vulguis, a part de torrades, bacon, cruasans, tot tipus de pastes, sucs, etc. Hi ha dos restaurants on es menja molt be, un d'ells ubicat a la planta 30 amb vistes a la ciutat, un tracte impecable i uns plats deliciosos (i amb un preu molt bo). Hi ha una piscina al terrat on et pots banyar veien la ciutat, amb tumbones on pendre el sol o un combinat dels que preparen al bar. Si he de destacar alguna cosa per sobre de tot, l'amabilitat del personal.",28Â juinÂ 2024,Espagne,Chambre Lit King-Size Premium,8 nuitsÂ Â·,Couple
Grande Centre Point Surawong Bangkok,unknown,"Ø§Ù„ÙÙ†Ø¯Ù‚ Ø±Ø§Ø¦Ø¹ ÙˆÙ‡Ø§Ø¯ÙŠ ÙˆØ¨Ø¹ÙŠØ¯ Ø¹Ù† Ø§Ù„Ø¥Ø²Ø¹Ø§Ø¬ 
Ø§Ù„Ø¥ÙØ·Ø§Ø± Ù…ØªÙ†ÙˆØ¹Ù‡ ÙˆÙ…ØªØºÙŠØ± 
Ø§Ù„Ù…ÙˆØ¸ÙÙŠÙ† Ù…ØªØ¹Ø§ÙˆÙ†ÙŠÙ† ÙˆØ±Ø§Ø¦Ø¹ÙŠÙ† 
Ø§Ù„Ù…Ø±Ø§ÙÙ‚ Ø¬ÙŠØ¯Ù‡",27Â juinÂ 2024,Arabie Saoudite,Chambre Lit King-Size Premium,4 nuitsÂ Â·,Famille
Grande Centre Point Surawong Bangkok,Bien mais certaines choses devraient Ãªtre amÃ©liorÃ©es pour Ãªtre plus compÃ©titif,Le personnel trÃ¨s avenant et Ã  lâ€™Ã©coute et la propretÃ© impeccable,27Â juinÂ 2024,Wallis-et-Futuna,Chambre Lit King-Size Premium,6 nuitsÂ Â·,Couple
Grande Centre Point Surawong Bangkok,Exceptionnel,"Sehr nettes Personal, haben uns aufgrund vom sehr frÃ¼hen Checkout, eine FrÃ¼hstÃ¼cksbox mitgegeben.",27Â juinÂ 2024,Allemagne,Chambre Lit King-Size Premium,2 nuitsÂ Â·,Couple
Grande Centre Point Surawong Bangkok,Fabuleux,The rooms and facilities are superb,26Â juinÂ 2024,BahreÃ¯n,Chambre Lit King-Size Deluxe,3 nuitsÂ Â·,Famille
Grande Centre Point Surawong Bangkok,Fabuleux,Ce client n'a pas laissÃ© de commentaire.,26Â juinÂ 2024,NorvÃ¨ge,HÃ©bergement Communicant Premium,3 nuitsÂ Â·,Famille
Grande Centre Point Surawong Bangkok,Exceptionnel,Ce client n'a pas laissÃ© de commentaire.,26Â juinÂ 2024,NorvÃ¨ge,Chambre Lit King-Size Premium,1 nuitÂ Â·,Groupe
Grande Centre Point Surawong Bangkok,"Amazing, completely recommend this hotel",The views! Our room as upgraded to the higher floors and we loved the views of the city. The staff super kind and an AMAZING breakfast. Would definitely stay here next time,26Â juinÂ 2024,Allemagne,Chambre Lit King-Size Deluxe,3 nuitsÂ Â·,Couple
Grande Centre Point Surawong Bangkok,Exceptionnel,Ce client n'a pas laissÃ© de commentaire.,25Â juinÂ 2024,Royaume-Uni,Chambre Lit King-Size Deluxe,5 nuitsÂ Â·,Couple
